Michel UN
SUTOM #171 3/6
:grand_carré_rouge::grand_carré_bleu::grand_carré_bleu::grand_carré_bleu::grand_carré_bleu::grand_cercle_jaune:
:grand_carré_rouge::grand_cercle_jaune::grand_carré_bleu::grand_cercle_jaune::grand_cercle_jaune::grand_carré_bleu:
:grand_carré_rouge::grand_carré_rouge::grand_carré_rouge::grand_carré_rouge::grand_carré_rouge::grand_carré_rouge:

Martin DEUX
SUTOM #171 3/6
:grand_carré_rouge::grand_carré_bleu::grand_cercle_jaune::grand_carré_bleu::grand_carré_bleu::grand_carré_bleu:
:grand_carré_rouge::grand_cercle_jaune::grand_carré_bleu::grand_cercle_jaune::grand_cercle_jaune::grand_carré_bleu:
:grand_carré_rouge::grand_carré_rouge::grand_carré_rouge::grand_carré_rouge::grand_carré_rouge::grand_carré_rouge:

Jean TROIS
SUTOM #171 4/6
:grand_carré_rouge::grand_carré_bleu::grand_cercle_jaune::grand_carré_bleu::grand_carré_bleu::grand_carré_bleu:
:grand_carré_rouge::grand_cercle_jaune::grand_cercle_jaune::grand_carré_bleu::grand_cercle_jaune::grand_carré_bleu:
:grand_carré_rouge::grand_carré_rouge::grand_carré_rouge::grand_carré_bleu::grand_carré_bleu::grand_carré_bleu:
:grand_carré_rouge::grand_carré_rouge::grand_carré_rouge::grand_carré_rouge::grand_carré_rouge::grand_carré_rouge:

Paul QUATRE
SUTOM #171 3/6
:grand_carré_rouge::grand_carré_bleu::grand_carré_bleu::grand_cercle_jaune::grand_carré_rouge::grand_carré_bleu:
:grand_carré_rouge::grand_carré_rouge::grand_cercle_jaune::grand_carré_bleu::grand_carré_rouge::grand_carré_bleu:
:grand_carré_rouge::grand_carré_rouge::grand_carré_rouge::grand_carré_rouge::grand_carré_rouge::grand_carré_rouge: